{"cameraMode":{"drawMode":0,"name":"Shaded","section":"Shading Mode"},"sceneLighting":true,"audioPlay":false,"sceneViewState":{"showFog":true,"showMaterialUpdate":false,"showSkybox":true,"showFlares":true,"showImageEffects":true,"showParticleSystems":true},"in2DMode":false,"pivot":{"x":418.98492431640627,"y":455.7677917480469,"z":-16.7158203125},"rotation":{"x":0.0011905260616913438,"y":0.005096859764307737,"z":0.000005811782557429979,"w":-0.9999897480010986},"size":537.7160034179688,"orthographic":false}