{"cameraMode":{"drawMode":0,"name":"Shaded","section":"Shading Mode"},"sceneLighting":true,"audioPlay":false,"sceneViewState":{"showFog":true,"showMaterialUpdate":false,"showSkybox":true,"showFlares":true,"showImageEffects":true,"showParticleSystems":true},"in2DMode":false,"pivot":{"x":374.38348388671877,"y":153.20584106445313,"z":-1.2668747901916505},"rotation":{"x":-0.0018094686092808843,"y":-0.0024031614884734155,"z":0.000004167865881754551,"w":-0.9999986886978149},"size":122.0772933959961,"orthographic":false}